,identifiers,tune_family
0,1029,Hob or Nob
1,14252,Hob or Nob
2,25163,Hob or Nob
3,27315,Hob or Nob
4,27316,Hob or Nob
5,27842,Hob or Nob
6,29508,Hob or Nob
7,39472,Hob or Nob
8,75,Hob or Nob
9,12552,Hob or Nob
10,12553,Hob or Nob
11,12554,Hob or Nob
12,12556,Hob or Nob
13,12557,Hob or Nob
14,12558,Hob or Nob
15,12559,Hob or Nob
16,12560,Hob or Nob
17,21434,Hob or Nob
18,23677,Hob or Nob
19,24548,Hob or Nob
20,24549,Hob or Nob
21,24681,Hob or Nob
22,25452,Hob or Nob
23,25695,Hob or Nob
24,26044,Hob or Nob
25,26249,Hob or Nob
26,29406,Hob or Nob
27,31921,Hob or Nob
28,35686,Hob or Nob
29,42137,Hob or Nob
30,29348,Hob or Nob
31,29515,Hob or Nob
32,31916,Hob or Nob
33,32702,Hob or Nob
34,1805,Hob or Nob
35,27795,Hob or Nob
36,33355,Hob or Nob
37,33356,Hob or Nob
38,36399,Hob or Nob
39,38698,Hob or Nob
40,2479,Hob or Nob
41,15787,Hob or Nob
42,35452,Hob or Nob
43,1104,Blackbird
44,1996,Blackbird
45,4101,Blackbird
46,4508,Blackbird
47,14355,Blackbird
48,14356,Blackbird
49,14357,Blackbird
50,15415,Blackbird
51,17110,Blackbird
52,17111,Blackbird
53,17112,Blackbird
54,24050,Blackbird
55,26494,Blackbird
56,27198,Blackbird
57,28174,Blackbird
58,28821,Blackbird
59,31201,Blackbird
60,32399,Blackbird
61,34225,Blackbird
62,36690,Blackbird
63,39782,Blackbird
64,27066,Blackbird
65,249,Road to Lisdoonvarna
66,250,Road to Lisdoonvarna
67,12965,Road to Lisdoonvarna
68,12966,Road to Lisdoonvarna
69,12967,Road to Lisdoonvarna
70,12968,Road to Lisdoonvarna
71,12969,Road to Lisdoonvarna
72,12970,Road to Lisdoonvarna
73,12971,Road to Lisdoonvarna
74,12972,Road to Lisdoonvarna
75,21776,Road to Lisdoonvarna
76,25089,Road to Lisdoonvarna
77,27843,Road to Lisdoonvarna
78,32320,Road to Lisdoonvarna
79,36691,Road to Lisdoonvarna
80,36697,Road to Lisdoonvarna
81,41930,Road to Lisdoonvarna
82,2379,Road to Lisdoonvarna
83,15726,Road to Lisdoonvarna
84,21437,Road to Lisdoonvarna
85,34622,Road to Lisdoonvarna
86,10574,Road to Lisdoonvarna
87,507,Lord McDonald's
88,13430,Lord McDonald's
89,13431,Lord McDonald's
90,13432,Lord McDonald's
91,13433,Lord McDonald's
92,23658,Lord McDonald's
93,27913,Lord McDonald's
94,30618,Lord McDonald's
95,38959,Lord McDonald's
96,1075,Lord McDonald's
97,14304,Lord McDonald's
98,22684,Lord McDonald's
99,24427,Lord McDonald's
100,28608,Lord McDonald's
101,30507,Lord McDonald's
102,31614,Lord McDonald's
103,32753,Lord McDonald's
104,1729,Lord McDonald's
105,5064,Lord McDonald's
106,23964,Lord McDonald's
107,30965,Lord McDonald's
108,33566,Lord McDonald's
109,10105,Johnny Cope
110,20222,Johnny Cope
111,20223,Johnny Cope
112,20224,Johnny Cope
113,2327,Johnny Cope
114,4953,Johnny Cope
115,15700,Johnny Cope
116,15701,Johnny Cope
117,15702,Johnny Cope
118,17346,Johnny Cope
119,25702,Johnny Cope
120,34131,Johnny Cope
121,40691,Johnny Cope
122,40702,Johnny Cope
123,41612,Johnny Cope
124,42095,Johnny Cope
125,16832,Johnny Cope
126,21469,Johnny Cope
127,35948,Johnny Cope
128,38611,Johnny Cope
129,1128,Johnny Cope
130,14388,Johnny Cope
131,553,Johnny Cope
132,13516,Johnny Cope
133,13517,Johnny Cope
134,20770,Johnny Cope
135,24821,Johnny Cope
136,30531,Johnny Cope
137,32089,Johnny Cope
138,2204,O'Sullivan's March
139,15569,O'Sullivan's March
140,15570,O'Sullivan's March
141,15571,O'Sullivan's March
142,15572,O'Sullivan's March
143,15573,O'Sullivan's March
144,15574,O'Sullivan's March
145,22666,O'Sullivan's March
146,22667,O'Sullivan's March
147,22668,O'Sullivan's March
148,25092,O'Sullivan's March
149,27381,O'Sullivan's March
150,32109,O'Sullivan's March
151,32487,O'Sullivan's March
152,34265,O'Sullivan's March
153,35995,O'Sullivan's March
154,40433,O'Sullivan's March
155,42104,O'Sullivan's March
156,22289,O'Sullivan's March
157,22296,O'Sullivan's March
158,3822,O'Sullivan's March
159,16754,O'Sullivan's March
160,29647,O'Sullivan's March
161,370,Jenny's Welcome to Charlie
162,13179,Jenny's Welcome to Charlie
163,13180,Jenny's Welcome to Charlie
164,22961,Jenny's Welcome to Charlie
165,24754,Jenny's Welcome to Charlie
166,29604,Jenny's Welcome to Charlie
167,33011,Jenny's Welcome to Charlie
168,40380,Jenny's Welcome to Charlie
169,5194,Jenny's Welcome to Charlie
170,1424,Jenny's Welcome to Charlie
171,1682,Jenny's Welcome to Charlie
172,9850,Jenny's Welcome to Charlie
173,24747,Jenny's Welcome to Charlie
174,34293,Jenny's Welcome to Charlie
175,41051,Jenny's Welcome to Charlie
176,1272,Jenny's Welcome to Charlie
177,14585,Jenny's Welcome to Charlie
178,14586,Jenny's Welcome to Charlie
179,22924,Jenny's Welcome to Charlie
180,26779,Jenny's Welcome to Charlie
181,40434,Jenny's Welcome to Charlie
182,202,Jenny's Welcome to Charlie
183,1357,Jenny's Welcome to Charlie
184,12862,Jenny's Welcome to Charlie
185,12863,Jenny's Welcome to Charlie
186,12864,Jenny's Welcome to Charlie
187,12865,Jenny's Welcome to Charlie
188,14709,Jenny's Welcome to Charlie
189,14710,Jenny's Welcome to Charlie
190,24195,Jenny's Welcome to Charlie
191,25776,Jenny's Welcome to Charlie
192,27336,Jenny's Welcome to Charlie
193,28852,Jenny's Welcome to Charlie
194,29417,Jenny's Welcome to Charlie
195,29543,Jenny's Welcome to Charlie
196,31218,Jenny's Welcome to Charlie
197,31925,Jenny's Welcome to Charlie
198,33110,Jenny's Welcome to Charlie
199,34110,Jenny's Welcome to Charlie
200,37501,Jenny's Welcome to Charlie
201,37509,Jenny's Welcome to Charlie
202,41560,Jenny's Welcome to Charlie
203,11942,Jenny's Welcome to Charlie
204,27,Drowsy Maggie
205,12406,Drowsy Maggie
206,12407,Drowsy Maggie
207,12408,Drowsy Maggie
208,12409,Drowsy Maggie
209,12410,Drowsy Maggie
210,12411,Drowsy Maggie
211,12412,Drowsy Maggie
212,12413,Drowsy Maggie
213,12414,Drowsy Maggie
214,12415,Drowsy Maggie
215,20867,Drowsy Maggie
216,21232,Drowsy Maggie
217,23223,Drowsy Maggie
218,23242,Drowsy Maggie
219,23248,Drowsy Maggie
220,24826,Drowsy Maggie
221,27945,Drowsy Maggie
222,27946,Drowsy Maggie
223,29583,Drowsy Maggie
224,31098,Drowsy Maggie
225,31476,Drowsy Maggie
226,35491,Drowsy Maggie
227,37487,Drowsy Maggie
228,39017,Drowsy Maggie
229,39098,Drowsy Maggie
230,39125,Drowsy Maggie
231,787,Drowsy Maggie
232,13917,Drowsy Maggie
233,13918,Drowsy Maggie
234,13919,Drowsy Maggie
235,13920,Drowsy Maggie
236,13921,Drowsy Maggie
237,13922,Drowsy Maggie
238,30744,Drowsy Maggie
239,37408,Drowsy Maggie
240,6084,Drowsy Maggie
241,566,Gilderoy
242,13540,Gilderoy
243,13541,Gilderoy
244,13542,Gilderoy
245,13544,Gilderoy
246,13545,Gilderoy
247,31436,Gilderoy
248,33252,Gilderoy
249,33337,Gilderoy
250,34784,Gilderoy
251,39254,Gilderoy
252,1627,Gilderoy
253,11695,Gilderoy
254,15048,Gilderoy
255,15049,Gilderoy
256,15050,Gilderoy
257,21366,Gilderoy
258,21425,Gilderoy
259,29100,Gilderoy
260,84,Gilderoy
261,5846,Gilderoy
262,12586,Gilderoy
263,12587,Gilderoy
264,12588,Gilderoy
265,12589,Gilderoy
266,12590,Gilderoy
267,22215,Gilderoy
268,22229,Gilderoy
269,22230,Gilderoy
270,34240,Gilderoy
271,36242,Gilderoy
272,38869,Gilderoy
273,10561,Gilderoy
274,32769,Gilderoy
275,32770,Gilderoy
276,36326,Gilderoy
277,6643,Gilderoy
278,18298,Gilderoy
279,31326,Gilderoy
280,2372,Gilderoy
281,15719,Gilderoy
282,21389,Gilderoy
283,32737,Gilderoy
284,41368,Gilderoy
285,41369,Gilderoy
286,42402,Gilderoy
287,9639,Greig's Pipes
288,20077,Greig's Pipes
289,22351,Greig's Pipes
290,26607,Greig's Pipes
291,32647,Greig's Pipes
292,605,Greig's Pipes
293,13622,Greig's Pipes
294,13623,Greig's Pipes
295,13624,Greig's Pipes
296,20783,Greig's Pipes
297,20784,Greig's Pipes
298,21375,Greig's Pipes
299,21914,Greig's Pipes
300,22923,Greig's Pipes
301,23846,Greig's Pipes
302,28229,Greig's Pipes
303,31833,Greig's Pipes
304,33362,Greig's Pipes
305,33363,Greig's Pipes
306,34044,Greig's Pipes
307,41651,Greig's Pipes
308,511,Greig's Pipes
309,13438,Greig's Pipes
310,13439,Greig's Pipes
311,22807,Greig's Pipes
312,22808,Greig's Pipes
313,28196,Greig's Pipes
314,30575,Greig's Pipes